Nome,Ano nasc,Ano morte,Cidade nasc,Região nasc,Cidade morte,Região morte
Basilio di Luni,DESCONHECIDO,DESCONHECIDO,DESCONHECIDO,DESCONHECIDO,Luni,Liguria
Crescentino di Città di Castello,276,303,Roma,Lazio,Città di Castello,Umbria
Dionigi di Milano,DESCONHECIDO,362,DESCONHECIDO,DESCONHECIDO,Cappadocia,Abruzzo
Donato d'Arezzo,DESCONHECIDO,362,Nicomedia,EXTERIOR - Anatólia,Arezzo,Toscana
Eliodoro di Altino,DESCONHECIDO,407,DESCONHECIDO,DESCONHECIDO,Venezia,Veneto
Emiliano di Trevi,DESCONHECIDO,304,Armenia,EXTERIOR - Armênia,Trevi,Umbria
Eusebio di Vercelli,283,371,Cagliari,Sardegna,Vercelli,Piemonte
Eustorgio di Milano,DESCONHECIDO,DESCONHECIDO,Milano,Lombardia,Milano,Lombardia
Gaudenzio di Brescia,DESCONHECIDO,410,Brescia,Lombardia,Brescia,Lombardia
Gaudenzio di Novara,327,418,Ivrea,Piemonte,Novara,Piemonte
Gaudenzio di Rimini,280,360,Efeso,EXTERIOR - Anatólia,Rimini,Emilia-Romagna
Geminiano di Modena,312,397,Modena,Emilia-Romagna,Modena,Emilia-Romagna
Giovenale di Narni,DESCONHECIDO,DESCONHECIDO,Africa,EXTERIOR - África,Narni,Umbria
Gioventino di Tadino,DESCONHECIDO,DESCONHECIDO,Gualdo Tadino,Umbria,Gualdo Tadino,Umbria
Lorenzo di Novara,DESCONHECIDO,DESCONHECIDO,DESCONHECIDO,DESCONHECIDO,Novara,Piemonte
Lucifero di Cagliari,DESCONHECIDO,370,Cagliari,Sardegna,Cagliari,Sardegna
Massimo di Napoli,DESCONHECIDO,361,Napoli,Campania,DESCONHECIDO,DESCONHECIDO
Materno di Milano,DESCONHECIDO,DESCONHECIDO,DESCONHECIDO,DESCONHECIDO,Milano,Lombardia
Mercuriale di Forlì,DESCONHECIDO,DESCONHECIDO,Armenia,EXTERIOR - Armênia,Forlì,Emilia-Romagna
Narno di Bergamo,DESCONHECIDO,345,Villa d'Ogna,Lombardia,Bergamo,Lombardia
San Paterniano,275,360,Fano,Marche,Fano,Marche
Procolo di Pozzuoli,273,305,Pozzuoli,Campania,Pozzuoli,Campania
Procolo di Verona,DESCONHECIDO,304,DESCONHECIDO,DESCONHECIDO,Verona,Veneto
Protaso di Milano,DESCONHECIDO,DESCONHECIDO,DESCONHECIDO,DESCONHECIDO,Milano,Lombardia
San Simpliciano,320,401,Brivio,Lombardia,Milano,Lombardia
Savino di Piacenza,330,420,Milano,Lombardia,Piacenza,Emilia-Romagna
Severo di Napoli,DESCONHECIDO,400,Napoli,Campania,Napoli,Campania
Siro di Pavia,DESCONHECIDO,DESCONHECIDO,Palestina,Terra Santa,Pavia,Lombardia
Viatore di Bergamo,DESCONHECIDO,370,Brescia,Lombardia,Bergamo,Lombardia
Vicinio di Sarsina,DESCONHECIDO,330,DESCONHECIDO,DESCONHECIDO,Sarsina,Emilia-Romagna
Zama (vescovo),DESCONHECIDO,DESCONHECIDO,Bologna,Emilia-Romagna,Bologna,Emilia-Romagna
Zanobi (vescovo),DESCONHECIDO,429,Firenze,Toscana,Firenze,Toscana
Zeno di Verona,300,371,Mauretania,EXTERIOR - África,Verona,Veneto
Albino di Vercelli,DESCONHECIDO,451,Vercelli,Piemonte,Vercelli,Piemonte
Ampelio eremita,DESCONHECIDO,410,Arezzo,Toscana,Bordighera,Liguria
Benigno di Milano,DESCONHECIDO,472,DESCONHECIDO,DESCONHECIDO,Milano,Lombardia
Console di Como,DESCONHECIDO,497,DESCONHECIDO,DESCONHECIDO,Como,Lombardia
Crispino I di Pavia,DESCONHECIDO,466,Pavia,Lombardia,Pavia,Lombardia
Eusebio di Milano,DESCONHECIDO,462,DESCONHECIDO,DESCONHECIDO,Milano,Lombardia
Eustorgio II,DESCONHECIDO,518,DESCONHECIDO,DESCONHECIDO,Milano,Lombardia
Geronzio di Milano,DESCONHECIDO,465,DESCONHECIDO,DESCONHECIDO,Milano,Lombardia
Glicerio di Milano,DESCONHECIDO,440,DESCONHECIDO,DESCONHECIDO,Milano,Lombardia
Grato di Aosta,DESCONHECIDO,470,DESCONHECIDO,DESCONHECIDO,Aosta,Valle d'Aosta/Vallée d'Aoste
Imerio vescovo,DESCONHECIDO,DESCONHECIDO,Reggio di Calabria,Calabria,Amelia,Umbria
Innocenzo di Verona,DESCONHECIDO,445,Verona,Veneto,Verona,Veneto
Lazzaro di Milano,DESCONHECIDO,449,DESCONHECIDO,DESCONHECIDO,Milano,Lombardia
Lorenzo I di Milano,DESCONHECIDO,511,DESCONHECIDO,DESCONHECIDO,Milano,Lombardia
Martiniano di Milano,DESCONHECIDO,435,Milano,Lombardia,Milano,Lombardia
Massimo di Torino,DESCONHECIDO,420,DESCONHECIDO,DESCONHECIDO,DESCONHECIDO,DESCONHECIDO
Maurilio di Angers,DESCONHECIDO,453,Milano,Lombardia,Angers,EXTERIOR - França
Mauro di Piacenza,DESCONHECIDO,449,DESCONHECIDO,DESCONHECIDO,Piacenza,Emilia-Romagna
Papa Simmaco,DESCONHECIDO,514,Cagliari,Sardegna,Roma,Lazio
Prospero di Reggio Emilia,DESCONHECIDO,466,Reggio nell'Emilia,Emilia-Romagna,Reggio nell'Emilia,Emilia-Romagna
Renato di Sorrento,DESCONHECIDO,DESCONHECIDO,Sorrento,Campania,Sorrento,Campania
Rufillo di Forlimpopoli,DESCONHECIDO,DESCONHECIDO,DESCONHECIDO,DESCONHECIDO,Forlimpopoli,Emilia-Romagna
Sabino di Canosa,461,566,Canosa di Puglia,Puglia,Canosa di Puglia,Puglia
San Marolo,DESCONHECIDO,423,Milano,Lombardia,Milano,Lombardia
San Solario,DESCONHECIDO,DESCONHECIDO,DESCONHECIDO,DESCONHECIDO,Lerici,Liguria
Senatore di Milano,DESCONHECIDO,475,Milano,Lombardia,Milano,Lombardia
Teodoro I di Milano,DESCONHECIDO,490,DESCONHECIDO,DESCONHECIDO,Milano,Lombardia
Venerio di Milano,DESCONHECIDO,408,Milano,Lombardia,Milano,Lombardia
Vivenzio di Blera,DESCONHECIDO,484,DESCONHECIDO,DESCONHECIDO,Blera,Lazio
Papa Agapito I,DESCONHECIDO,536,Roma,Lazio,Costantinopoli,EXTERIOR - Roma Oriental
Agnello di Napoli,535,596,Napoli,Campania,Napoli,Campania
Agostino di Canterbury,534,604,Roma,Lazio,Canterbury,EXTERIOR - Inglaterra
Agrippino di Como,DESCONHECIDO,617,DESCONHECIDO,DESCONHECIDO,Como,Lombardia
Anselmo di Bomarzo,DESCONHECIDO,DESCONHECIDO,Bomarzo,Lazio,Bomarzo,Lazio
Ausano di Milano,DESCONHECIDO,567,Milano,Lombardia,Milano,Lombardia
Benedetto da Norcia,480,547,Norcia,Umbria,Montecassino,Lazio
Germano di Capua,DESCONHECIDO,540,Capua,Campania,Capua,Campania
Cassio di Narni,DESCONHECIDO,558,Narni,Umbria,Roma,Lazio
Cerbone di Populonia,DESCONHECIDO,575,Africa,EXTERIOR - África,Marciana,Toscana
Cetteo di Amiterno,DESCONHECIDO,597,DESCONHECIDO,DESCONHECIDO,Pescara,Abruzzo
Cipriano di Brescia,DESCONHECIDO,DESCONHECIDO,Brescia,Lombardia,Brescia,Lombardia
Elena di Laurino,509,530,Laurino,Campania,Laurino,Campania
Costanzo d'Aquino,DESCONHECIDO,DESCONHECIDO,DESCONHECIDO,DESCONHECIDO,DESCONHECIDO,DESCONHECIDO
Dazio di Milano,DESCONHECIDO,552,Milano,Lombardia,Costantinopoli,EXTERIOR - Roma Oriental
Ellero di Galeata,476,578,Lucca,Toscana,Galeata,Emilia-Romagna
Ercolano di Perugia,DESCONHECIDO,549,DESCONHECIDO,DESCONHECIDO,Perugia,Umbria
Eutizio di Norcia,DESCONHECIDO,DESCONHECIDO,Norcia,Umbria,Foligno,Umbria
Faustina di Como,DESCONHECIDO,580,Pianello Val Tidone,Emilia-Romagna,Como,Lombardia
Papa Felice IV,DESCONHECIDO,530,Benevento,Campania,Roma,Lazio
Fiorenzo di Foligno,DESCONHECIDO,DESCONHECIDO,Norcia,Umbria,Norcia,Umbria
San Florido,520,599,Città di Castello,Umbria,Pietralunga,Umbria
Fortunato di Todi,DESCONHECIDO,565,DESCONHECIDO,DESCONHECIDO,Todi,Umbria
Fulgenzio di Otricoli,DESCONHECIDO,DESCONHECIDO,Otricoli,Umbria,Otricoli,Umbria
Gallo di Aosta,DESCONHECIDO,546,DESCONHECIDO,DESCONHECIDO,Aosta,Valle d'Aosta/Vallée d'Aoste
Generoso di Tivoli,DESCONHECIDO,475,Tivoli,Lazio,Tivoli,Lazio
Geronzio di Cervia,DESCONHECIDO,540,DESCONHECIDO,DESCONHECIDO,Cagli,Marche
Papa Giovanni I,DESCONHECIDO,526,Firenze,Toscana,Ravenna,Emilia-Romagna
Giustino di Chieti,DESCONHECIDO,540,Chieti,Abruzzo,DESCONHECIDO,DESCONHECIDO
Giusto e Clemente,DESCONHECIDO,DESCONHECIDO,Volterra,Toscana,Volterra,Toscana
Papa Gregorio I,540,604,Roma,Lazio,Roma,Lazio
Isacco di Monteluco,DESCONHECIDO,550,Siria,EXTERIOR - Síria,Spoleto,Umbria
Liberata da Como,DESCONHECIDO,580,Pianello Val Tidone,Emilia-Romagna,Como,Lombardia
Magno di Milano,DESCONHECIDO,530,Milano,Lombardia,Milano,Lombardia
Lorenzo Maiorano,440,545,Costantinopoli,EXTERIOR - Roma Oriental,Manfredonia,Puglia
Marcellino di Ancona,DESCONHECIDO,DESCONHECIDO,Ancona,Marche,Ancona,Marche
Mauro (abate),512,584,Roma,Lazio,Angers,EXTERIOR - França
Mauro di Verona,DESCONHECIDO,622,Verona,Veneto,Verona,Veneto
Onorato (arcivescovo di Milano),DESCONHECIDO,572,Milano,Lombardia,Genova,Liguria
Onorato di Fondi,DESCONHECIDO,530,Sannio,Molise,Fondi,Lazio
Onorio di Brescia,DESCONHECIDO,DESCONHECIDO,Brescia,Lombardia,Brescia,Lombardia
Placido (monaco),515,541,Roma,Lazio,Messina,Sicilia
Potamione di Agrigento,DESCONHECIDO,DESCONHECIDO,Agrigento,Sicilia,Agrigento,Sicilia
Romano di Subiaco,DESCONHECIDO,550,Subiaco,Lazio,DESCONHECIDO,DESCONHECIDO
Sabino di Avellino,DESCONHECIDO,DESCONHECIDO,DESCONHECIDO,DESCONHECIDO,Avellino,Campania
Santulo,DESCONHECIDO,600,Norcia,Umbria,Norcia,Umbria
Scolastica da Norcia,480,547,Norcia,Umbria,Villa Santa Lucia,Lazio
Severino di Settempeda,470,545,DESCONHECIDO,DESCONHECIDO,San Severino Marche,Marche
Papa Silverio,480,537,Frosinone,Lazio,Ponza,Lazio
Venanzio di Luni,DESCONHECIDO,603,Luni,Liguria,Fabriano,Marche
Vittore di Capua,DESCONHECIDO,554,Capua,Campania,Capua,Campania
Vittore di Fausania,DESCONHECIDO,601,Olbia,Sardegna,Olbia,Sardegna
Vittorino da Pioraco,DESCONHECIDO,538,Pioraco,Marche,Pioraco,Marche
Adalberto di Como,DESCONHECIDO,DESCONHECIDO,Iliria,EXTERIOR - atual Albânia,Como,Lombardia
Papa Adeodato I,DESCONHECIDO,618,Roma,Lazio,Roma,Lazio
Papa Agatone,575,681,Palermo,Sicilia,Roma,Lazio
Allo di Bobbio,DESCONHECIDO,DESCONHECIDO,DESCONHECIDO,DESCONHECIDO,Bobbio,Emilia-Romagna
Ampelio di Milano,DESCONHECIDO,672,DESCONHECIDO,DESCONHECIDO,Milano,Lombardia
Antonino di Milano,DESCONHECIDO,661,DESCONHECIDO,DESCONHECIDO,Milano,Lombardia
Antonino di Sorrento,DESCONHECIDO,625,Campagna,Campania,Sorrento,Campania
Bacolo di Sorrento,DESCONHECIDO,660,Napoli,Campania,Sorrento,Campania
Barbato di Benevento,602,683,Castelvenere,Campania,Benevento,Campania
Papa Benedetto II,635,685,Roma,Lazio,Roma,Lazio
Papa Bonifacio IV,550,615,L'Aquila,Abruzzo,Roma,Lazio
Costanzo di Capri,DESCONHECIDO,DESCONHECIDO,DESCONHECIDO,DESCONHECIDO,Capri,Campania
Papa Eugenio I,DESCONHECIDO,657,Roma,Lazio,Roma,Lazio
Floriano di Oderzo,DESCONHECIDO,DESCONHECIDO,Oderzo,Veneto,Oderzo,Veneto
San Giovanni vescovo (Bergamo),DESCONHECIDO,688,DESCONHECIDO,DESCONHECIDO,Bergamo,Lombardia
Giovanni il Buono (santo),DESCONHECIDO,651,Recco,Liguria,Milano,Lombardia
Giusto di Canterbury,DESCONHECIDO,627,Roma,Lazio,Canterbury,EXTERIOR - Inglaterra
Gregorio II di Agrigento,559,630,Agrigento,Sicilia,Agrigento,Sicilia
Ingenuino di Sabiona,DESCONHECIDO,DESCONHECIDO,DESCONHECIDO,DESCONHECIDO,Chiusa,Trentino-Alto Adige/Südtirol
Papa Leone II,611,683,Nicosia,Sicilia,Roma,Lazio
Magno di Oderzo,580,670,Quarto d'Altino,Veneto,Oderzo,Veneto
Papa Martino I,600,655,Todi,Umbria,Cherson,EXTERIOR - Ucrânia
Maurisilio di Milano,DESCONHECIDO,662,DESCONHECIDO,DESCONHECIDO,Milano,Lombardia
Onorio di Canterbury,DESCONHECIDO,653,Roma,Lazio,Canterbury,EXTERIOR - Inglaterra
Panfilo di Sulmona,650,700,DESCONHECIDO,DESCONHECIDO,Corfinio,Abruzzo
Paterio di Brescia,DESCONHECIDO,606,Brescia,Lombardia,DESCONHECIDO,DESCONHECIDO
Pelino di Brindisi,620,662,Durazzo,EXTERIOR - atual Albânia,Corfinio,Abruzzo
Mansueto Savelli,DESCONHECIDO,681,Roma,Lazio,Milano,Lombardia
Santa Trofimena,DESCONHECIDO,640,DESCONHECIDO,DESCONHECIDO,DESCONHECIDO,DESCONHECIDO
Venerio (eremita),560,630,Portovenere,Liguria,Portovenere,Liguria
Papa Vitaliano,DESCONHECIDO,672,Segni,Lazio,Roma,Lazio
Vitaliano da Capua,DESCONHECIDO,699,Capua,Campania,Mercogliano,Campania
Annone di Verona,DESCONHECIDO,780,Verona,Veneto,DESCONHECIDO,DESCONHECIDO
Benedetto I di Milano,DESCONHECIDO,DESCONHECIDO,Milano,Lombardia,Milano,Lombardia
Aimo e Vermondo Corio,DESCONHECIDO,DESCONHECIDO,DESCONHECIDO,DESCONHECIDO,Meda,Lombardia
Damiano di Pavia,DESCONHECIDO,DESCONHECIDO,DESCONHECIDO,DESCONHECIDO,Pavia,Lombardia
Eugenio di Milano,DESCONHECIDO,DESCONHECIDO,DESCONHECIDO,DESCONHECIDO,Milano,Lombardia
Girolamo di Pavia,DESCONHECIDO,770,DESCONHECIDO,DESCONHECIDO,Pavia,Lombardia
Papa Gregorio II,669,731,Roma,Lazio,Roma,Lazio
Papa Leone III,750,816,Roma,Lazio,Roma,Lazio
Leone II il Taumaturgo,709,745,Ravenna,Emilia-Romagna,Catania,Sicilia
Natale di Milano,669,741,Milano,Lombardia,Milano,Lombardia
Papa Paolo I,700,767,Roma,Lazio,Roma,Lazio
Petronace di Montecassino,670,747,Brescia,Lombardia,Montecassino,Lazio
Sabino di Catania,DESCONHECIDO,760,Catania,Sicilia,Catania,Sicilia
San Baudolino,712,744,Alessandria,Piemonte,Alessandria,Piemonte
Sant'Aldo,DESCONHECIDO,DESCONHECIDO,DESCONHECIDO,DESCONHECIDO,DESCONHECIDO,DESCONHECIDO
Papa Sergio I,650,701,Palermo,Sicilia,Roma,Lazio
Teodoro di Pavia,DESCONHECIDO,778,Pavia,Lombardia,Pavia,Lombardia
Terenzio di Luni,DESCONHECIDO,DESCONHECIDO,DESCONHECIDO,DESCONHECIDO,Luni,Liguria
Vitaliano di Osimo,DESCONHECIDO,DESCONHECIDO,DESCONHECIDO,DESCONHECIDO,DESCONHECIDO,DESCONHECIDO
Wilfrido della Gherardesca,DESCONHECIDO,756,Pisa,Toscana,Monteverdi Marittimo,Toscana
Papa Zaccaria,679,752,Santa Severina,Calabria,Roma,Lazio
Adalgisio di Novara,DESCONHECIDO,848,Novara,Piemonte,Novara,Piemonte
Papa Adriano III,DESCONHECIDO,885,Roma,Lazio,San Cesario sul Panaro,Emilia-Romagna
Anselmo I di Milano,DESCONHECIDO,818,Milano,Lombardia,DESCONHECIDO,DESCONHECIDO
Ansovino di Camerino,DESCONHECIDO,868,Camerino,Marche,Camerino,Marche
Atanasio I di Napoli,830,872,Napoli,Campania,Veroli,Lazio
Benigno di Malcesine,DESCONHECIDO,DESCONHECIDO,Malcesine,Veneto,Malcesine,Veneto
Bertario di Montecassino,DESCONHECIDO,883,DESCONHECIDO,DESCONHECIDO,Cassino,Lazio
Bono di Milano,DESCONHECIDO,822,Milano,Lombardia,Milano,Lombardia
Caro di Malcesine,DESCONHECIDO,DESCONHECIDO,Malcesine,Veneto,Malcesine,Veneto
Ceccardo di Luni,800,860,Luni,Liguria,Luni,Liguria
Diodato di Montecassino,DESCONHECIDO,834,Isola del Liri,Lazio,Benevento,Campania
Equizio diacono,DESCONHECIDO,DESCONHECIDO,Salerno,Campania,Salerno,Campania
San Felice di Pistoia,DESCONHECIDO,DESCONHECIDO,Pistoia,Toscana,Pistoia,Toscana
Papa Leone IV,DESCONHECIDO,855,Roma,Lazio,Roma,Lazio
Litifredo I di Pavia,DESCONHECIDO,DESCONHECIDO,Pavia,Lombardia,Pavia,Lombardia
Luca Casali da Nicosia,DESCONHECIDO,DESCONHECIDO,Nicosia,Sicilia,Nicosia,Sicilia
Papa Niccolò I,800,867,Roma,Lazio,Roma,Lazio
Palerio di Telese,DESCONHECIDO,DESCONHECIDO,Salerno,Campania,Salerno,Campania
Paolino II,750,802,Premariacco,Friuli-Venezia Giulia,Cividale del Friuli,Friuli-Venezia Giulia
Papa Pasquale I,DESCONHECIDO,824,Roma,Lazio,Roma,Lazio
Benedetto Revelli,DESCONHECIDO,900,Genova,Liguria,Genova,Liguria
Albuino di Bressanone,DESCONHECIDO,1006,DESCONHECIDO,DESCONHECIDO,Bressanone,Trentino-Alto Adige/Südtirol
Antonio di Gerace,DESCONHECIDO,DESCONHECIDO,DESCONHECIDO,DESCONHECIDO,Locri,Calabria
Arcano da Sansepolcro,DESCONHECIDO,DESCONHECIDO,Sansepolcro,Toscana,Sansepolcro,Toscana
Arsenio da Armo,810,904,Reggio di Calabria,Calabria,Armo,Liguria
Bernolfo di Asti,DESCONHECIDO,DESCONHECIDO,Asti,Piemonte,Priola,Piemonte
Egidio da Sansepolcro,DESCONHECIDO,DESCONHECIDO,Sansepolcro,Toscana,Sansepolcro,Toscana
Elia Speleota,865,960,Reggio di Calabria,Calabria,Melicuccà,Calabria
San Gemolo,DESCONHECIDO,DESCONHECIDO,DESCONHECIDO,DESCONHECIDO,Valganna,Lombardia
Giovanni da Parma (X secolo),DESCONHECIDO,990,Parma,Emilia-Romagna,Parma,Emilia-Romagna
Giovanni Vincenzo,955,1000,Besate,Lombardia,Caprie,Piemonte
Giusto di Novalesa,DESCONHECIDO,906,Novalesa,Piemonte,Oulx,Piemonte
Gregorio da Cerchiara,940,999,Cerchiara di Calabria,Calabria,Burtscheid,EXTERIOR - Alemanha
Guglielmo da Volpiano,962,1031,Orta San Giulio,Piemonte,Fécamp,EXTERIOR - França
Leoluca di Corleone,815,915,Corleone,Sicilia,Vibo Valentia,Calabria
Luca di Carbone,DESCONHECIDO,1005,Catanzaro,Calabria,Carbone,Basilicata
Luca di Demenna,DESCONHECIDO,984,Messina,Sicilia,Armento,Basilicata
Macario di Collesano,DESCONHECIDO,1000,Collesano,Sicilia,Oliveto Citra,Campania
Mauro di Cesena,DESCONHECIDO,946,Ravenna,Emilia-Romagna,Ravenna,Emilia-Romagna
Nicodemo da Cirò,DESCONHECIDO,990,Cirò,Calabria,Mammola,Calabria
Nilo da Rossano,910,1004,Corigliano-Rossano,Calabria,Tusculum,Lazio
Pietro I Orseolo,920,988,Venezia,Veneto,Cuxà,EXTERIOR - França
Saba il Giovane,910,995,Collesano,Sicilia,Roma,Lazio
Stefano Minicillo,935,1023,Macerata Campania,Campania,Caiazzo,Campania
Tommaso di Terreti,DESCONHECIDO,1000,Reggio di Calabria,Calabria,DESCONHECIDO,DESCONHECIDO
Vitale di Castronovo,900,944,Castronovo di Sicilia,Sicilia,Rapolla,Basilicata
Adamo (abate),990,1072,Petacciato,Molise,Petacciato,Molise
Alberto da Prezzate,1025,1095,Prezzate,Lombardia,Pontida,Lombardia
Aldemaro di Capua,985,1070,Capua,Campania,Bucchianico,Abruzzo
Amato di Nusco,DESCONHECIDO,1093,Nusco,Campania,Nusco,Campania
Amico di Avellana,920,1050,Camerino,Marche,San Pietro Avellana,Molise
Amico di Rambona,DESCONHECIDO,996,Pollenza,Marche,Pollenza,Marche
Anselmo di Lucca,1035,1086,Milano,Lombardia,Mantova,Lombardia
Arduino di Rimini,950,1009,Rimini,Emilia-Romagna,Rimini,Emilia-Romagna
Arialdo,1010,1066,Cucciago,Lombardia,Angera,Lombardia
Bartolomeo il Giovane,981,1055,Corigliano-Rossano,Calabria,Grottaferrata,Lazio
Bernardo di Mentone,1020,1081,Menthon-Saint-Bernard,EXTERIOR - França,Novara,Piemonte
Bononio di Lucedio,DESCONHECIDO,1026,Bologna,Emilia-Romagna,Trino,Piemonte
Bruno di Segni,1045,1123,Solero,Piemonte,Segni,Lazio
Chelidonia,1077,1152,Rieti,Lazio,Subiaco,Lazio
Ciriaco da Buonvicino,DESCONHECIDO,1030,Buonvicino,Calabria,Buonvicino,Calabria
Domenico di Sora,951,1031,Foligno,Umbria,Sora,Lazio
Domenico Loricato,DESCONHECIDO,1060,Cantiano,Marche,San Severino Marche,Marche
Erlembaldo Cotta,DESCONHECIDO,1075,DESCONHECIDO,DESCONHECIDO,Milano,Lombardia
Falco di Palena,DESCONHECIDO,DESCONHECIDO,Taverna,Calabria,Palermo,Sicilia
Filarete di Calabria,1020,1070,Palermo,Sicilia,Seminara,Calabria
Rodolfo Gabrielli,1034,1064,Gubbio,Umbria,Gubbio,Umbria
Papa Gelasio II,1060,1119,Gaeta,Lazio,Abbazia di Cluny,EXTERIOR - França
Gerardo di Csanád,DESCONHECIDO,1046,DESCONHECIDO,DESCONHECIDO,Buda,EXTERIOR - Hungria
Gerasimo di San Lorenzo,1100,1180,San Lorenzo,Calabria,San Lorenzo,Calabria
Gerlando di Agrigento,1030,1100,Besançon,EXTERIOR - França,Agrigento,Sicilia
Giorgio di Suelli,DESCONHECIDO,1117,Cagliari,Sardegna,Suelli,Sardegna
Giovanni da Lodi,1025,1105,Lodi Vecchio,Lombardia,Gubbio,Umbria
Giovanni di Montemarano,DESCONHECIDO,1005,Montemarano,Campania,Montemarano,Campania
Giovanni Gualberto,995,1073,Barberino Tavarnelle,Toscana,Barberino Tavarnelle,Toscana
Papa Gregorio VII,1015,1085,Sorano,Toscana,Salerno,Campania
Guglielmo da Vercelli,1085,1142,Vercelli,Piemonte,Sant'Angelo dei Lombardi,Campania
Guido d'Acqui,1004,1070,Melazzo,Piemonte,Acqui Terme,Piemonte
Guido di Pomposa,970,1046,Ravenna,Emilia-Romagna,Fidenza,Emilia-Romagna
Ilario di Matera,980,1045,Matera,Basilicata,Castel San Vincenzo,Molise
Leone Confessore,DESCONHECIDO,DESCONHECIDO,San Martino in Pensilis,Molise,San Martino in Pensilis,Molise
Leone I (abate),DESCONHECIDO,1079,Lucca,Toscana,Cava de' Tirreni,Campania
Lucido di Aquara,DESCONHECIDO,1038,Aquara,Campania,Cassino,Lazio
San Nicola Greco,DESCONHECIDO,DESCONHECIDO,DESCONHECIDO,DESCONHECIDO,Guardiagrele,Abruzzo
Offa di Benevento,DESCONHECIDO,1070,DESCONHECIDO,DESCONHECIDO,Benevento,Campania
Alferio Pappacarbone,930,1050,Salerno,Campania,Cava de' Tirreni,Campania
Pier Damiani,1007,1072,Ravenna,Emilia-Romagna,Faenza,Emilia-Romagna
Pietro Igneo,DESCONHECIDO,1089,Firenze,Toscana,Albano Laziale,Lazio
Podio vescovo,DESCONHECIDO,1002,DESCONHECIDO,DESCONHECIDO,Firenze,Toscana
Romualdo di Camaldoli,951,1027,Ravenna,Emilia-Romagna,Fabriano,Marche
Ruggero di Canne,1060,1129,Barletta,Puglia,Barletta,Puglia
Simeone di Polirone,DESCONHECIDO,1016,DESCONHECIDO,DESCONHECIDO,San Benedetto Po,Lombardia
Giovanni Theristis,995,1054,Palermo,Sicilia,Stilo,Calabria
Alberto da Genova,1090,1180,Genova,Liguria,Genova,Liguria
Alberto da Montecorvino,1031,1127,Sant'Elia a Pianisi,Molise,Motta Montecorvino,Puglia
Alberto di Gerusalemme,1149,1214,Gualtieri,Emilia-Romagna,Acri,Calabria
Allucio di Campugliano in Valdinievole,1070,1134,Uzzano,Toscana,Uzzano,Toscana
Ubaldo Baldassini,1085,1160,Gubbio,Umbria,Gubbio,Umbria
Bartolomeo di Simeri,1050,1130,Simeri Crichi,Calabria,Corigliano-Rossano,Calabria
Bellino di Padova,1090,1145,DESCONHECIDO,DESCONHECIDO,Fratta Polesine,Veneto
Oderisio di Montecassino,DESCONHECIDO,1105,Montecassino,Lazio,Montecassino,Lazio
Bernardo degli Uberti,1060,1133,Firenze,Toscana,Parma,Emilia-Romagna
Bernardo di Carinola,1040,1109,Carinola,Campania,Carinola,Campania
Bonfiglio di Foligno,1040,1115,Osimo,Marche,Cingoli,Marche
Cipriano di Calamizzi,1110,1190,Reggio di Calabria,Calabria,Reggio di Calabria,Calabria
Cono di Naso,1139,1236,Naso,Sicilia,Naso,Sicilia
Costanzo di Niardo,1066,1151,Niardo,Lombardia,Nave,Lombardia
Berardo da Teramo,DESCONHECIDO,1123,Pagliara,Sicilia,Teramo,Abruzzo
Donato da Ripacandida,1179,1198,Ripacandida,Basilicata,Petina,Campania
San Galdino,1096,1176,Milano,Lombardia,Milano,Lombardia
San Galgano,1148,1181,Chiusdino,Toscana,Chiusdino,Toscana
Gualtero Garbagni,1184,1224,Lodi,Lombardia,Lodi,Lombardia
Gemma di Goriano Sicoli,1375,1426,Bisegna,Abruzzo,Goriano Sicoli,Abruzzo
Costabile Gentilcore,1069,1124,Castellabate,Campania,Cava de' Tirreni,Campania
Gerardo dei Tintori,1134,1207,Monza,Lombardia,Monza,Lombardia
Gerardo Della Porta,DESCONHECIDO,1119,Piacenza,Emilia-Romagna,Potenza,Basilicata
Guido della Gherardesca,1060,1140,Pisa,Toscana,Castagneto Carducci,Toscana
Giovanni da Matera,1070,1139,Matera,Basilicata,Foggia,Puglia
Giovanni da Tufara,1084,1170,Tufara,Molise,Foiano di Val Fortore,Campania
Giovanni Oldrati,1100,1159,Meda,Lombardia,Milano,Lombardia
Silvestro Guzzolini,1177,1267,Osimo,Marche,Fabriano,Marche
Lanfranco Beccari,1134,1198,Gropello Cairoli,Lombardia,Pavia,Lombardia
Lidano d'Antena,1026,1118,Civita d'Antino,Abruzzo,Sezze,Lazio
Lorenzo da Frazzanò,1120,1162,Frazzanò,Sicilia,Frazzanò,Sicilia
Luca di Melicuccà,1035,1114,Melicuccà,Calabria,Amaroni,Calabria
Nicasio Camuto de Burgio,1130,1187,Palermo,Sicilia,Hattin,Terra Santa
Nicolò Politi,1117,1167,Adrano,Sicilia,Alcara Li Fusi,Sicilia
Omobono Tucenghi,DESCONHECIDO,1197,Cremona,Lombardia,Cremona,Lombardia
Ottone Frangipane,1040,1127,Roma,Lazio,Avellino,Campania
Pietro Pappacarbone,1038,1123,Salerno,Campania,Cava de' Tirreni,Campania
Pietro di Anagni,DESCONHECIDO,1105,DESCONHECIDO,DESCONHECIDO,Anagni,Lazio
Pietro Parenzo,DESCONHECIDO,1199,Roma,Lazio,Orvieto,Umbria
Alberto Quadrelli,1103,1173,Rivolta d'Adda,Lombardia,Lodi,Lombardia
Rainerio di Cagli,1110,1180,DESCONHECIDO,DESCONHECIDO,Spalato,ITÁLIA ANTIGA - Dalmácia
Ranieri Scacceri,1115,1161,Pisa,Toscana,Pisa,Toscana
Silvestro di Troina,1110,1164,Troina,Sicilia,Troina,Sicilia
Santa Rosalia,1130,1170,Palermo,Sicilia,Palermo,Sicilia
Stefano del Lupo,1099,1191,Carovilli,Molise,Manoppello,Abruzzo
Teobaldo Roggeri,1099,1150,Vicoforte,Piemonte,Alba,Piemonte
Raimondo Zanfogni,1139,1200,Piacenza,Emilia-Romagna,Piacenza,Emilia-Romagna
Agnese d'Assisi,1197,1253,Assisi,Umbria,Assisi,Umbria
Albertino da Montone,DESCONHECIDO,1294,Montone,Umbria,Montone,Umbria
Amato Ronconi,1226,1292,Saludecio,Emilia-Romagna,Rimini,Emilia-Romagna
Amadio degli Amidei,DESCONHECIDO,1266,Firenze,Toscana,Firenze,Toscana
Tesauro Beccaria,DESCONHECIDO,1258,Pavia,Lombardia,Firenze,Toscana
Filippo Benizi,1233,1285,Firenze,Toscana,Firenze,Toscana
Berardo Ottone Pietro Accursio e Adiuto,MÚLTIPLOS,1120,MÚLTIPLOS,Múltiplos locais,Marrakesh,EXTERIOR - Marrocos
Bona di Pisa,1156,1207,Pisa,Toscana,Pisa,Toscana
Bonaventura da Bagnoregio,1217,1274,Bagnoregio,Lazio,Lione,EXTERIOR - França
Papa Celestino V,1209,1296,Sant'Angelo Limosano,Molise,Fumone,Lazio
Chiara d'Assisi,1194,1253,Assisi,Umbria,Assisi,Umbria
Cono da Teggiano,DESCONHECIDO,DESCONHECIDO,Teggiano,Campania,Montesano sulla Marcellana,Campania
Contardo d'Este,1216,1249,Ferrara,Emilia-Romagna,Broni,Lombardia
Daniele Fasanella,DESCONHECIDO,1227,Belvedere Marittimo,Calabria,Ceuta,EXTERIOR - Espanha
Donato di Montevergine,DESCONHECIDO,1219,Salerno,Campania,Benevento,Campania
Fina da San Gimignano,1238,1253,San Gimignano,Toscana,San Gimignano,Toscana
Folco Scotti,1164,1229,Piacenza,Emilia-Romagna,Pavia,Lombardia
Franca da Vitalta,1175,1218,Piacenza,Emilia-Romagna,Piacenza,Emilia-Romagna
Francesco d'Assisi,1181,1226,Assisi,Umbria,Assisi,Umbria
Franco da Assergi,1154,DESCONHECIDO,Roio del Sangro,Abruzzo,DESCONHECIDO,DESCONHECIDO
Giovanni del Bastone,DESCONHECIDO,1290,Fabriano,Marche,Fabriano,Marche
Girio,DESCONHECIDO,1270,DESCONHECIDO,DESCONHECIDO,Potenza Picena,Marche
Illuminato da Rieti,DESCONHECIDO,DESCONHECIDO,Rieti,Lazio,DESCONHECIDO,DESCONHECIDO
Lucio di Cavargna,DESCONHECIDO,DESCONHECIDO,Cavargna,Lombardia,Cavargna,Lombardia
Margherita da Città di Castello,1287,1320,Mercatello sul Metauro,Marche,Città di Castello,Umbria
Margherita da Cortona,1247,1297,Castiglione del Lago,Umbria,Cortona,Toscana
Miro di Canzo,1236,1300,Canzo,Lombardia,Sorico,Lombardia
Obizio da Niardo,1150,1204,Niardo,Lombardia,Brescia,Lombardia
Paolino Bigazzini,1200,1280,Perugia,Umbria,Valfabbrica,Umbria
Pietro da Verona,1205,1252,Verona,Veneto,Seveso,Lombardia
Rinaldo di Nocera Umbra,1150,1257,Nocera Umbra,Umbria,Nocera Umbra,Umbria
Rodobaldo II di Pavia,DESCONHECIDO,1254,DESCONHECIDO,DESCONHECIDO,Pavia,Lombardia
Rosa da Viterbo,1233,1251,Viterbo,Lazio,Viterbo,Lazio
Benvenuto Scotivoli,DESCONHECIDO,1282,Ancona,Marche,Osimo,Marche
Sette santi fondatori,MÚLTIPLOS,MÚLTIPLOS,MÚLTIPLOS,Múltiplos locais,MÚLTIPLOS,Múltiplos locais
Tommaso d'Aquino,1225,1274,Roccasecca,Lazio,Priverno,Lazio
Toscana di Zevio,1280,1344,Zevio,Veneto,Verona,Veneto
Ubaldesca Taccini,1136,1205,Calcinaia,Toscana,Pisa,Toscana
Ugo Canefri,1148,1123,Castellazzo Bormida,Piemonte,Genova,Liguria
Santa Verdiana,1182,1242,Castelfiorentino,Toscana,Castelfiorentino,Toscana
Zita di Lucca,1218,1278,Lucca,Toscana,Lucca,Toscana
Agnese di Montepulciano,1268,1317,Montepulciano,Toscana,Montepulciano,Toscana
Alberto degli Abati,1240,1307,Trapani,Sicilia,Messina,Sicilia
Andrea Corsini (santo),1301,1374,Firenze,Toscana,Fiesole,Toscana
Angela da Foligno,1248,1309,Foligno,Umbria,Foligno,Umbria
Bernardo Tolomei (santo),1272,1348,Siena,Toscana,Siena,Toscana
Caterina da Siena,1347,1380,Siena,Toscana,Roma,Lazio
Chiara da Montefalco,1268,1308,Montefalco,Umbria,Montefalco,Umbria
Euseo di Serravalle,DESCONHECIDO,DESCONHECIDO,Serravalle Sesia,Piemonte,Serravalle Sesia,Piemonte
Alessio Falconieri,1200,1310,Firenze,Toscana,Vaglia,Toscana
Giuliana Falconieri,1270,1341,Firenze,Toscana,Firenze,Toscana
Nicola da Tolentino,1245,1305,Sant'Angelo in Pontano,Marche,Tolentino,Marche
Pellegrino Laziosi,1265,1345,Forlì,Emilia-Romagna,Forlì,Emilia-Romagna
Pietro Crisci da Foligno,1243,1323,Foligno,Umbria,Foligno,Umbria
Stefano da Cuneo,1340,1391,Cuneo,Piemonte,Gerusalemme,Terra Santa
Santa Umiltà,1226,1310,Faenza,Emilia-Romagna,Firenze,Toscana
Vitale d'Assisi,1295,1370,Bastia Umbra,Umbria,Assisi,Umbria
Antonino Pierozzi,1389,1459,Firenze,Toscana,Firenze,Toscana
Bernardino da Siena,1380,1444,Massa Marittima,Toscana,L'Aquila,Abruzzo
Caterina da Bologna,1413,1463,Bologna,Emilia-Romagna,Bologna,Emilia-Romagna
Eustochia Calafato,1434,1485,Messina,Sicilia,Messina,Sicilia
Giacomo della Marca,1393,1476,Monteprandone,Marche,Napoli,Campania
Giovanni da Capestrano,1386,1456,Capestrano,Abruzzo,Ilok,EXTERIOR - atual Croácia
Lorenzo Giustiniani,1380,1456,Venezia,Veneto,Venezia,Veneto
Martiri di Otranto,MÚLTIPLOS,1480,Otranto,Puglia,Otranto,Puglia
Sant'Orante,1400,1431,Catanzaro,Calabria,Ortucchio,Abruzzo
Rita da Cascia,1371,1457,Cascia,Umbria,Cascia,Umbria
Francesca Romana,1384,1440,Roma,Lazio,Roma,Lazio
Simonino di Trento,1472,1475,Trento,Trentino-Alto Adige/Südtirol,Trento,Trentino-Alto Adige/Südtirol
Alessandro Sauli,1534,1592,Milano,Lombardia,Calosso,Piemonte
Angela Merici,1474,1540,Desenzano del Garda,Lombardia,Brescia,Lombardia
Antonio Maria Zaccaria,1502,1539,Cremona,Lombardia,Cremona,Lombardia
Benedetto da San Fratello,1524,1589,San Fratello,Sicilia,Palermo,Sicilia
Carlo Borromeo,1538,1584,Arona,Piemonte,Milano,Lombardia
Camilla Battista da Varano,1458,1524,Camerino,Marche,Camerino,Marche
Caterina da Genova,1447,1510,Genova,Liguria,Genova,Liguria
Caterina de' Ricci,1522,1590,Firenze,Toscana,Prato,Toscana
Felice da Cantalice,1515,1587,Cantalice,Lazio,Roma,Lazio
Francesco da Paola,1416,1507,Paola,Calabria,Castello di Plessis-lez-Tours,EXTERIOR - França
Girolamo Emiliani,1486,1537,Venezia,Veneto,Vercurago,Lombardia
Giovanni Maria Scolarici,DESCONHECIDO,1544,Piraino,Sicilia,Piraino,Sicilia
Luigi Gonzaga,1568,1591,Castiglione delle Stiviere,Lombardia,Roma,Lazio
Isabella Maria della Passione,DESCONHECIDO,1530,DESCONHECIDO,DESCONHECIDO,DESCONHECIDO,DESCONHECIDO
Giovanni Leonardi,1541,1609,Borgo a Mozzano,Toscana,Roma,Lazio
Giacinta Marescotti,1585,1640,Vignanello,Lazio,Viterbo,Lazio
Maria Maddalena de' Pazzi,1566,1607,Firenze,Toscana,Firenze,Toscana
Filippo Neri,1515,1595,Firenze,Toscana,Roma,Lazio
Papa Pio V,1504,1572,Bosco Marengo,Piemonte,Roma,Lazio
Gaetano Thiene,1480,1557,Vicenza,Veneto,Napoli,Campania
Andrea Avellino,1521,1608,Castronuovo di Sant'Andrea,Basilicata,Napoli,Campania
Gregorio Barbarigo,1625,1697,Venezia,Veneto,Padova,Veneto
Bernardino Realino,1530,1616,Carpi,Emilia-Romagna,Lecce,Puglia
Bernardo da Corleone,1605,1667,Corleone,Sicilia,Palermo,Sicilia
Carlo da Sezze,1613,1670,Sezze,Lazio,Roma,Lazio
Virginia Centurione Bracelli,1587,1651,Genova,Liguria,Genova,Liguria
Camillo de Lellis,1550,1614,Bucchianico,Abruzzo,Roma,Lazio
Francesco Caracciolo,1563,1608,Villa Santa Maria,Abruzzo,Agnone,Molise
Giacinto Giordano Ansalone,1598,1634,Santo Stefano Quisquina,Sicilia,Nagasaki,EXTERIOR - Japão
Giovan Giuseppe della Croce,1654,1734,Ischia,Campania,Napoli,Campania
Giuseppe da Copertino,1603,1663,Copertino,Puglia,Osimo,Marche
Giuseppe da Leonessa,1556,1612,Leonessa,Lazio,Amatrice,Lazio
Lorenzo da Brindisi,1559,1619,Brindisi,Puglia,Lisbona,EXTERIOR - Portugal
Pacifico da San Severino,1653,1721,San Severino Marche,Marche,San Severino Marche,Marche
Roberto Bellarmino,1542,1621,Montepulciano,Toscana,Roma,Lazio
Serafino da Montegranaro,1540,1604,Montegranaro,Marche,Ascoli Piceno,Marche
Umile da Bisignano,1582,1637,Bisignano,Calabria,Bisignano,Calabria
Veronica Giuliani,1660,1727,Mercatello sul Metauro,Marche,Città di Castello,Umbria
Angelo d'Acri,1669,1739,Acri,Calabria,Acri,Calabria
Crispino da Viterbo,1668,1750,Viterbo,Lazio,Roma,Lazio
Francesco De Geronimo,1642,1716,Grottaglie,Puglia,Napoli,Campania
Alfonso Maria de' Liguori,1696,1787,Napoli,Campania,Nocera Superiore,Campania
Egidio Maria da Taranto,1729,1812,Taranto,Puglia,Napoli,Campania
Felice di Nicosia,1715,1787,Nicosia,Sicilia,Nicosia,Sicilia
Francesco Antonio Fasani,1681,1742,Lucera,Puglia,Lucera,Puglia
Gerardo Maiella,1726,1755,Muro Lucano,Basilicata,Caposele,Campania
Giovanni Battista de' Rossi,1698,1764,Voltaggio,Piemonte,Roma,Lazio
Giuseppe Maria Tomasi,1649,1713,Licata,Sicilia,Roma,Lazio
Ignazio da Laconi,1701,1781,Laconi,Sardegna,Cagliari,Sardegna
Ignazio da Santhià,1686,1770,Santhià,Piemonte,Torino,Piemonte
Leonardo da Porto Maurizio,1676,1751,Porto Maurizio,Liguria,Roma,Lazio
Lucia Filippini,1672,1732,Tarquinia,Lazio,Montefiascone,Lazio
Maria Francesca delle Cinque Piaghe,1715,1791,Napoli,Campania,Napoli,Campania
Nicola da Longobardi,1650,1709,Longobardi,Calabria,Roma,Lazio
Paolo della Croce,1694,1775,Ovada,Piemonte,Roma,Lazio
Pompilio Maria Pirrotti,1710,1766,Montecalvo Irpino,Campania,Campi Salentina,Puglia
Teresa Margherita Redi,1747,1770,Arezzo,Toscana,Firenze,Toscana
Rosa Venerini,1656,1728,Viterbo,Lazio,Roma,Lazio
Teofilo da Corte,1676,1740,Corte,EXTERIOR - França,Fucecchio,Toscana
Tommaso da Cori,1655,1729,Cori,Lazio,Bellegra,Lazio
Agostina Pietrantoni,1864,1894,Pozzaglia Sabina,Lazio,Roma,Lazio
Antonino Fantosati,1842,1900,Trevi,Umbria,Hengyang,EXTERIOR - China
Antonio Maria Gianelli,1789,1846,Carro,Liguria,Piacenza,Emilia-Romagna
Antonio Maria Pucci,1819,1892,Vernio,Toscana,Viareggio,Toscana
Bartolomea Capitanio,1807,1833,Lovere,Lombardia,Lovere,Lombardia
Benedetta Cambiagio Frassinello,1791,1858,Campomorone,Liguria,Ronco Scrivia,Liguria
Giovanni Bosco,1815,1888,Castelnuovo Don Bosco,Piemonte,Torino,Piemonte
Giuseppe Cafasso,1811,1860,Castelnuovo Don Bosco,Piemonte,Torino,Piemonte
Gaetano Catanoso,1879,1963,San Lorenzo,Calabria,Reggio di Calabria,Calabria
Caterina Volpicelli,1839,1894,Napoli,Campania,Napoli,Campania
Cesidio da Fossa,1873,1900,Fossa,Abruzzo,Hengyang,EXTERIOR - China
Clelia Barbieri,1847,1870,San Giovanni in Persiceto,Emilia-Romagna,San Giovanni in Persiceto,Emilia-Romagna
Giuseppe Benedetto Cottolengo,1786,1842,Bra,Piemonte,Chieri,Piemonte
Alberico Crescitelli,1863,1900,Altavilla Irpina,Campania,Yentsepien,EXTERIOR - China
Daniele Comboni,1831,1881,Limone sul Garda,Lombardia,Khartum,EXTERIOR - Sudão
Giustino de Jacobis,1800,1860,San Fele,Basilicata,Eidale,EXTERIOR - Eritréia
Gaspare del Bufalo,1786,1837,Roma,Lazio,Roma,Lazio
Elia Facchini,1839,1900,Cento,Emilia-Romagna,Taiyuan,EXTERIOR - China
Francesco Fogolla,1839,1900,Mulazzo,Toscana,Taiyuan,EXTERIOR - China
Francesco Maria da Camporosso,1804,1886,Camporosso,Liguria,Genova,Liguria
Francesco Saverio Maria Bianchi,1743,1815,Arpino,Lazio,Napoli,Campania
Paola Frassinetti (santa),1809,1882,Genova,Liguria,Roma,Lazio
Alfonso Maria Fusco,1839,1910,Angri,Campania,Angri,Campania
Gabriele dell'Addolorata,1838,1862,Assisi,Umbria,Isola del Gran Sasso d'Italia,Abruzzo
Gaetano Errico,1791,1860,Napoli,Campania,Napoli,Campania
Gaspare Bertoni,1777,1853,Verona,Veneto,Verona,Veneto
Giovanni Antonio Farina,1803,1888,Gambellara,Veneto,Vicenza,Veneto
Giovanni da Triora,1760,1816,Triora,Liguria,Changsha,EXTERIOR - China
Giuseppe Marello,1844,1895,Torino,Piemonte,Savona,Liguria
Gregorio Maria Grassi,1833,1900,Castellazzo Bormida,Piemonte,Taiyuan,EXTERIOR - China
Lodovico Pavoni,1784,1849,Brescia,Lombardia,Rodengo Saiano,Lombardia
Ludovico da Casoria,1814,1885,Casoria,Campania,Napoli,Campania
Maddalena di Canossa,1774,1835,Verona,Veneto,Verona,Veneto
Maria Crocifissa Di Rosa,1813,1855,Brescia,Lombardia,Brescia,Lombardia
Maria De Mattias,1805,1866,Vallecorsa,Lazio,Roma,Lazio
Maria Domenica Mazzarello,1837,1881,Mornese,Piemonte,Nizza Monferrato,Piemonte
Maria Giuseppa Rossello,1811,1880,Albissola Marina,Liguria,Savona,Liguria
Leonardo Murialdo,1828,1900,Torino,Piemonte,Torino,Piemonte
Vincenzo Pallotti,1795,1850,Roma,Lazio,Roma,Lazio
Paola Elisabetta Cerioli,1816,1865,Soncino,Lombardia,Seriate,Lombardia
Domenico Savio,1842,1857,Riva presso Chieri,Piemonte,Castelnuovo Don Bosco,Piemonte
Luigi Scrosoppi,1804,1884,Udine,Friuli-Venezia Giulia,Udine,Friuli-Venezia Giulia
Vincenzo Maria Strambi,1745,1824,Civitavecchia,Lazio,Roma,Lazio
Nunzio Sulprizio,1817,1836,Pescosansonesco,Abruzzo,Napoli,Campania
Teresa Eustochio Verzeri,1801,1852,Bergamo,Lombardia,Brescia,Lombardia
Vincenza Gerosa,1784,1847,Lovere,Lombardia,Lovere,Lombardia
Vincenzo Romano (santo),1751,1831,Torre del Greco,Campania,Torre del Greco,Campania
Agostino Roscelli,1818,1902,Casarza Ligure,Liguria,Genova,Liguria
Annibale Maria Di Francia,1851,1927,Messina,Sicilia,Messina,Sicilia
Arcangelo Tadini,1846,1912,Verolanuova,Lombardia,Botticino,Lombardia
Benedetto Menni,1841,1914,Milano,Lombardia,Dinan,EXTERIOR - França
Callisto Caravario,1903,1930,Cuorgnè,Piemonte,Shaoguan,EXTERIOR - China
Filippo Smaldone,1848,1923,Napoli,Campania,Lecce,Puglia
Francesco Spinelli,1853,1913,Milano,Lombardia,Rivolta d'Adda,Lombardia
Gemma Galgani,1878,1903,Capannori,Toscana,Lucca,Toscana
Geltrude Comensoli,1847,1903,Bienno,Lombardia,Bergamo,Lombardia
Gianna Beretta Molla,1922,1962,Magenta,Lombardia,Magenta,Lombardia
Giovanni Battista Piamarta,1841,1913,Brescia,Lombardia,Remedello,Lombardia
Giovanni Calabria,1873,1954,Verona,Veneto,Verona,Veneto
Giulia Salzano,1846,1929,Santa Maria Capua Vetere,Campania,Casoria,Campania
Giuseppina Vannini,1859,1911,Roma,Lazio,Roma,Lazio
Maria Goretti,1890,1902,Corinaldo,Marche,Nettuno,Lazio
Guido Maria Conforti,1865,1931,Parma,Emilia-Romagna,Parma,Emilia-Romagna
Luigi Guanella,1842,1915,Campodolcino,Lombardia,Como,Lombardia
Luigi Orione,1872,1940,Pontecurone,Piemonte,Sanremo,Liguria
Luigi Versiglia,1873,1930,Oliva Gessi,Lombardia,Litouzui,EXTERIOR - China
Maria Bertilla Boscardin,1888,1922,Brendola,Veneto,Treviso,Veneto
Maria Cristina Brando,1856,1906,Napoli,Campania,Casoria,Campania
Giuseppe Moscati,1880,1927,Benevento,Campania,Napoli,Campania
Paolina Visintainer,1865,1942,Altopiano della Vigolana,Trentino-Alto Adige/Südtirol,São Paulo,EXTERIOR - Brasil
Papa Pio X,1835,1914,Riese Pio X,Veneto,Roma,Lazio
Padre Pio da Pietrelcina,1887,1968,Pietrelcina,Campania,San Giovanni Rotondo,Puglia
Riccardo Pampuri,1897,1930,Trivolzio,Lombardia,Milano,Lombardia
Vincenzo Grossi,1845,1917,Pizzighettone,Lombardia,Casalmaggiore,Lombardia
Papa Pio IX,1792,1878,Senigallia,Marche,Roma,Lazio
Papa Pio XII,1876,1958,Roma,Lazio,Castel Gandolfo,Lazio
Frei Damião,1898,1997,Massarosa,Toscana,Recife,EXTERIOR - Brasil
Papa Leão XIII,1810,1903,Carpineto Romano,Lazio,Roma,Lazio
Curzio Nitoglia,1957,VIVO,Roma,Lazio,VIVO,PESSOA VIVA
Santo Ambrósio,339,397,Augusta Treverorum,EXTERIOR - atual Alemanha,Milano,Lombardia
San Gennaro,272,305,Benevento,Campania,Pozzuoli,Campania
Bartolo Longo,1841,1926,Latiano,Puglia,Scafati,Campania
Gabriele Amorth,1925,2016,Modena,Emilia-Romagna,Roma,Lazio
Papa Gregório XVI,1765,1846,Belluno,Veneto,Roma,Lazio
Papa Clemente XII,1652,1740,Firenze,Toscana,Roma,Lazio